{"stats":{"minecraft:crafted":{"minecraft:crafting_table":1,"minecraft:stick":4,"minecraft:wooden_pickaxe":1,"minecraft:jungle_planks":16,"minecraft:stone_pickaxe":1},"minecraft:mined":{"minecraft:vine":1,"minecraft:jungle_log":4,"minecraft:stone":9},"minecraft:custom":{"minecraft:time_since_rest":2107,"minecraft:play_time":2107,"minecraft:sprint_one_cm":2006,"minecraft:walk_one_cm":3091,"minecraft:sneak_time":3,"minecraft:jump":19,"minecraft:leave_game":1,"minecraft:time_since_death":2107,"minecraft:total_world_time":2107,"minecraft:climb_one_cm":424,"minecraft:interact_with_crafting_table":3,"minecraft:fall_one_cm":476,"minecraft:fly_one_cm":2790},"minecraft:used":{"minecraft:crafting_table":1,"minecraft:stone_pickaxe":4,"minecraft:wooden_pickaxe":5},"minecraft:picked_up":{"minecraft:jungle_log":4,"minecraft:cobblestone":9}},"DataVersion":3955}