{"stats":{"minecraft:mined":{"minecraft:short_grass":3,"minecraft:vine":2,"minecraft:jungle_log":8,"minecraft:cobblestone":4,"minecraft:stone":18},"minecraft:custom":{"minecraft:time_since_rest":8358,"minecraft:crouch_one_cm":165,"minecraft:play_time":8358,"minecraft:sprint_one_cm":4404,"minecraft:damage_taken":130,"minecraft:walk_one_cm":12877,"minecraft:sneak_time":157,"minecraft:mob_kills":1,"minecraft:drop":4,"minecraft:jump":98,"minecraft:damage_dealt":188,"minecraft:leave_game":2,"minecraft:time_since_death":8358,"minecraft:total_world_time":8358,"minecraft:climb_one_cm":1878,"minecraft:interact_with_crafting_table":4,"minecraft:fall_one_cm":3222,"minecraft:fly_one_cm":9628},"minecraft:crafted":{"minecraft:stone_sword":1,"minecraft:jungle_button":1,"minecraft:furnace":1,"minecraft:crafting_table":1,"minecraft:stick":4,"minecraft:stone_pickaxe":1,"minecraft:wooden_pickaxe":1,"minecraft:jungle_planks":32},"minecraft:killed":{"minecraft:zombie":1},"minecraft:picked_up":{"minecraft:stick":1,"minecraft:rotten_flesh":2,"minecraft:jungle_log":8,"minecraft:jungle_button":1,"minecraft:cobblestone":22},"minecraft:used":{"minecraft:rotten_flesh":1,"minecraft:cobblestone":4,"minecraft:stone_pickaxe":23,"minecraft:wooden_pickaxe":9},"minecraft:dropped":{"minecraft:rotten_flesh":1,"minecraft:wooden_pickaxe":1,"minecraft:jungle_button":2}},"DataVersion":3955}