{"stats":{"minecraft:dropped":{"minecraft:jungle_button":1},"minecraft:custom":{"minecraft:time_since_rest":2870,"minecraft:crouch_one_cm":155,"minecraft:play_time":2870,"minecraft:sprint_one_cm":2541,"minecraft:damage_taken":20,"minecraft:walk_one_cm":5937,"minecraft:sneak_time":155,"minecraft:drop":1,"minecraft:jump":52,"minecraft:leave_game":1,"minecraft:time_since_death":2870,"minecraft:total_world_time":2870,"minecraft:climb_one_cm":1498,"minecraft:interact_with_crafting_table":3,"minecraft:fall_one_cm":1832,"minecraft:fly_one_cm":6587},"minecraft:crafted":{"minecraft:jungle_button":1,"minecraft:furnace":1,"minecraft:crafting_table":1,"minecraft:stick":4,"minecraft:stone_pickaxe":1,"minecraft:wooden_pickaxe":1,"minecraft:jungle_planks":32},"minecraft:picked_up":{"minecraft:stick":1,"minecraft:jungle_log":8,"minecraft:jungle_button":1,"minecraft:cobblestone":16},"minecraft:mined":{"minecraft:vine":2,"minecraft:jungle_log":8,"minecraft:stone":16},"minecraft:used":{"minecraft:stone_pickaxe":7,"minecraft:wooden_pickaxe":9}},"DataVersion":3955}